INSERT INTO EDUCATION_RESULT(STUDENT_CODE, ELECTIVE_CODE, ASSESSMENT)
VALUES
    (20555,204533,5);
INSERT INTO EDUCATION_RESULT(STUDENT_CODE, ELECTIVE_CODE, ASSESSMENT)
VALUES
    (20601,204533,4);
INSERT INTO EDUCATION_RESULT(STUDENT_CODE, ELECTIVE_CODE, ASSESSMENT)
VALUES
    (20596,564532,3);
INSERT INTO EDUCATION_RESULT(STUDENT_CODE, ELECTIVE_CODE, ASSESSMENT)
VALUES
    (20555,204533,5);
INSERT INTO EDUCATION_RESULT(STUDENT_CODE, ELECTIVE_CODE, ASSESSMENT)
VALUES
    (20589,762343,3);
INSERT INTO EDUCATION_RESULT(STUDENT_CODE, ELECTIVE_CODE, ASSESSMENT)
VALUES
    (20598,762343,5);
INSERT INTO EDUCATION_RESULT(STUDENT_CODE, ELECTIVE_CODE, ASSESSMENT)
VALUES
    (20626,564532,5);
INSERT INTO EDUCATION_RESULT(STUDENT_CODE, ELECTIVE_CODE, ASSESSMENT)
VALUES
    (20578,563322,4);
INSERT INTO EDUCATION_RESULT(STUDENT_CODE, ELECTIVE_CODE, ASSESSMENT)
VALUES
    (20589,764523,4);
INSERT INTO EDUCATION_RESULT(STUDENT_CODE, ELECTIVE_CODE, ASSESSMENT)
VALUES
    (20599,764523,4);
INSERT INTO ELECTIVES(ELECTIVE_CODE, TITLE, BEGINNING_DATE,VOLUME_LECTURES,VOLUME_PRACTICES,VOLUME_LABWORK)
VALUES
    (204533,'высшая математика','13.12.22',56,36,NULL);
INSERT INTO ELECTIVES(ELECTIVE_CODE, TITLE, BEGINNING_DATE,VOLUME_LECTURES,VOLUME_PRACTICES,VOLUME_LABWORK)
VALUES
    (564532,'физика','15.12.22',56,18,56);
INSERT INTO ELECTIVES(ELECTIVE_CODE, TITLE, BEGINNING_DATE,VOLUME_LECTURES,VOLUME_PRACTICES,VOLUME_LABWORK)
VALUES
    (453652,'компьютерная графика','16.12.22',36,NULL,36);
INSERT INTO ELECTIVES(ELECTIVE_CODE, TITLE, BEGINNING_DATE,VOLUME_LECTURES,VOLUME_PRACTICES,VOLUME_LABWORK)
VALUES
    (762343,'ОС Linux','17.12.22',36,NULL,36);
INSERT INTO ELECTIVES(ELECTIVE_CODE, TITLE, BEGINNING_DATE,VOLUME_LECTURES,VOLUME_PRACTICES,VOLUME_LABWORK)
VALUES
    (563322,'клиент-серверные приложения','20.12.22',56,18,36);
INSERT INTO ELECTIVES(ELECTIVE_CODE, TITLE, BEGINNING_DATE,VOLUME_LECTURES,VOLUME_PRACTICES,VOLUME_LABWORK)
VALUES
    (764523,'компьютерная графика','22.12.22',36,36,NULL);
INSERT INTO STUDENTS(STUDENT_CODE,SURNAME,NAME,PATRONYMIC,TELEPHONE)
VALUES
    (20599,'Лушков','Данила','Михайлович','79911165647');
INSERT INTO STUDENTS(STUDENT_CODE,SURNAME,NAME,PATRONYMIC,TELEPHONE)
VALUES
    (20598,'Лутиков','Вадим','Генадьевич','79105045676');
INSERT INTO STUDENTS(STUDENT_CODE,SURNAME,NAME,PATRONYMIC,TELEPHONE)
VALUES
    (20578,'Лаптев','Никита','Генадьевич','79045104857');
INSERT INTO STUDENTS(STUDENT_CODE,SURNAME,NAME,PATRONYMIC,TELEPHONE)
VALUES
    (20589,'Ктузов','Генадий','Владимирович','79105047767');
INSERT INTO STUDENTS(STUDENT_CODE,SURNAME,NAME,PATRONYMIC,TELEPHONE)
VALUES
    (20596,'Гришин','Олег','Григорьевич','79045582897');
INSERT INTO STUDENTS(STUDENT_CODE,SURNAME,NAME,PATRONYMIC,TELEPHONE)
VALUES
    (20555,'Жукова','Екатерина','Тимофеева','79055908877');
INSERT INTO STUDENTS(STUDENT_CODE,SURNAME,NAME,PATRONYMIC,TELEPHONE)
VALUES
    (20601,'Фулина','Анастасия','Дмитриевна','79919563423');
INSERT INTO STUDENTS(STUDENT_CODE,SURNAME,NAME,PATRONYMIC,TELEPHONE)
VALUES
    (20626,'Ирина','Гусева','Евгеньевна','79049877612');
